location,date,hosps,location_name,population,pop100k,hosp_rate
25,2020-03-26,NA,Massachusetts,6892503,68.92503,NA
25,2020-03-27,NA,Massachusetts,6892503,68.92503,NA
25,2020-03-28,NA,Massachusetts,6892503,68.92503,NA
25,2020-03-29,NA,Massachusetts,6892503,68.92503,NA
25,2020-03-30,NA,Massachusetts,6892503,68.92503,NA
25,2020-03-31,NA,Massachusetts,6892503,68.92503,NA
25,2020-04-01,NA,Massachusetts,6892503,68.92503,NA
25,2020-04-02,NA,Massachusetts,6892503,68.92503,NA
25,2020-04-03,NA,Massachusetts,6892503,68.92503,NA
25,2020-04-04,NA,Massachusetts,6892503,68.92503,NA
25,2020-04-05,NA,Massachusetts,6892503,68.92503,NA
25,2020-04-06,NA,Massachusetts,6892503,68.92503,NA
25,2020-04-07,NA,Massachusetts,6892503,68.92503,NA
25,2020-04-08,NA,Massachusetts,6892503,68.92503,NA
25,2020-04-09,NA,Massachusetts,6892503,68.92503,NA
25,2020-04-10,NA,Massachusetts,6892503,68.92503,NA
25,2020-04-11,NA,Massachusetts,6892503,68.92503,NA
25,2020-04-12,NA,Massachusetts,6892503,68.92503,NA
25,2020-04-13,NA,Massachusetts,6892503,68.92503,NA
25,2020-04-14,NA,Massachusetts,6892503,68.92503,NA
25,2020-04-15,NA,Massachusetts,6892503,68.92503,NA
25,2020-04-16,NA,Massachusetts,6892503,68.92503,NA
25,2020-04-17,NA,Massachusetts,6892503,68.92503,NA
25,2020-04-18,NA,Massachusetts,6892503,68.92503,NA
25,2020-04-19,NA,Massachusetts,6892503,68.92503,NA
25,2020-04-20,NA,Massachusetts,6892503,68.92503,NA
25,2020-04-21,NA,Massachusetts,6892503,68.92503,NA
25,2020-04-22,NA,Massachusetts,6892503,68.92503,NA
25,2020-04-23,NA,Massachusetts,6892503,68.92503,NA
25,2020-04-24,NA,Massachusetts,6892503,68.92503,NA
25,2020-04-25,NA,Massachusetts,6892503,68.92503,NA
25,2020-04-26,NA,Massachusetts,6892503,68.92503,NA
25,2020-04-27,NA,Massachusetts,6892503,68.92503,NA
25,2020-04-28,NA,Massachusetts,6892503,68.92503,NA
25,2020-04-29,NA,Massachusetts,6892503,68.92503,NA
25,2020-04-30,NA,Massachusetts,6892503,68.92503,NA
25,2020-05-01,NA,Massachusetts,6892503,68.92503,NA
25,2020-05-02,NA,Massachusetts,6892503,68.92503,NA
25,2020-05-03,NA,Massachusetts,6892503,68.92503,NA
25,2020-05-04,NA,Massachusetts,6892503,68.92503,NA
25,2020-05-05,NA,Massachusetts,6892503,68.92503,NA
25,2020-05-06,NA,Massachusetts,6892503,68.92503,NA
25,2020-05-07,NA,Massachusetts,6892503,68.92503,NA
25,2020-05-08,NA,Massachusetts,6892503,68.92503,NA
25,2020-05-09,NA,Massachusetts,6892503,68.92503,NA
25,2020-05-10,NA,Massachusetts,6892503,68.92503,NA
25,2020-05-11,NA,Massachusetts,6892503,68.92503,NA
25,2020-05-12,NA,Massachusetts,6892503,68.92503,NA
25,2020-05-13,NA,Massachusetts,6892503,68.92503,NA
25,2020-05-14,NA,Massachusetts,6892503,68.92503,NA
25,2020-05-15,NA,Massachusetts,6892503,68.92503,NA
25,2020-05-16,NA,Massachusetts,6892503,68.92503,NA
25,2020-05-17,NA,Massachusetts,6892503,68.92503,NA
25,2020-05-18,NA,Massachusetts,6892503,68.92503,NA
25,2020-05-19,NA,Massachusetts,6892503,68.92503,NA
25,2020-05-20,NA,Massachusetts,6892503,68.92503,NA
25,2020-05-21,NA,Massachusetts,6892503,68.92503,NA
25,2020-05-22,NA,Massachusetts,6892503,68.92503,NA
25,2020-05-23,NA,Massachusetts,6892503,68.92503,NA
25,2020-05-24,NA,Massachusetts,6892503,68.92503,NA
25,2020-05-25,NA,Massachusetts,6892503,68.92503,NA
25,2020-05-26,NA,Massachusetts,6892503,68.92503,NA
25,2020-05-27,NA,Massachusetts,6892503,68.92503,NA
25,2020-05-28,NA,Massachusetts,6892503,68.92503,NA
25,2020-05-29,NA,Massachusetts,6892503,68.92503,NA
25,2020-05-30,NA,Massachusetts,6892503,68.92503,NA
25,2020-05-31,NA,Massachusetts,6892503,68.92503,NA
25,2020-06-01,NA,Massachusetts,6892503,68.92503,NA
25,2020-06-02,NA,Massachusetts,6892503,68.92503,NA
25,2020-06-03,NA,Massachusetts,6892503,68.92503,NA
25,2020-06-04,NA,Massachusetts,6892503,68.92503,NA
25,2020-06-05,NA,Massachusetts,6892503,68.92503,NA
25,2020-06-06,NA,Massachusetts,6892503,68.92503,NA
25,2020-06-07,NA,Massachusetts,6892503,68.92503,NA
25,2020-06-08,NA,Massachusetts,6892503,68.92503,NA
25,2020-06-09,NA,Massachusetts,6892503,68.92503,NA
25,2020-06-10,NA,Massachusetts,6892503,68.92503,NA
25,2020-06-11,NA,Massachusetts,6892503,68.92503,NA
25,2020-06-12,NA,Massachusetts,6892503,68.92503,NA
25,2020-06-13,NA,Massachusetts,6892503,68.92503,NA
25,2020-06-14,NA,Massachusetts,6892503,68.92503,NA
25,2020-06-15,NA,Massachusetts,6892503,68.92503,NA
25,2020-06-16,NA,Massachusetts,6892503,68.92503,NA
25,2020-06-17,NA,Massachusetts,6892503,68.92503,NA
25,2020-06-18,NA,Massachusetts,6892503,68.92503,NA
25,2020-06-19,NA,Massachusetts,6892503,68.92503,NA
25,2020-06-20,NA,Massachusetts,6892503,68.92503,NA
25,2020-06-21,NA,Massachusetts,6892503,68.92503,NA
25,2020-06-22,NA,Massachusetts,6892503,68.92503,NA
25,2020-06-23,NA,Massachusetts,6892503,68.92503,NA
25,2020-06-24,NA,Massachusetts,6892503,68.92503,NA
25,2020-06-25,NA,Massachusetts,6892503,68.92503,NA
25,2020-06-26,NA,Massachusetts,6892503,68.92503,NA
25,2020-06-27,NA,Massachusetts,6892503,68.92503,NA
25,2020-06-28,NA,Massachusetts,6892503,68.92503,NA
25,2020-06-29,NA,Massachusetts,6892503,68.92503,NA
25,2020-06-30,NA,Massachusetts,6892503,68.92503,NA
25,2020-07-01,0,Massachusetts,6892503,68.92503,0
25,2020-07-02,NA,Massachusetts,6892503,68.92503,NA
25,2020-07-03,NA,Massachusetts,6892503,68.92503,NA
25,2020-07-04,NA,Massachusetts,6892503,68.92503,NA
25,2020-07-05,NA,Massachusetts,6892503,68.92503,NA
25,2020-07-06,NA,Massachusetts,6892503,68.92503,NA
25,2020-07-07,NA,Massachusetts,6892503,68.92503,NA
25,2020-07-08,NA,Massachusetts,6892503,68.92503,NA
25,2020-07-09,NA,Massachusetts,6892503,68.92503,NA
25,2020-07-10,NA,Massachusetts,6892503,68.92503,NA
25,2020-07-11,NA,Massachusetts,6892503,68.92503,NA
25,2020-07-12,NA,Massachusetts,6892503,68.92503,NA
25,2020-07-13,NA,Massachusetts,6892503,68.92503,NA
25,2020-07-14,20,Massachusetts,6892503,68.92503,0.290170348855851
25,2020-07-15,33,Massachusetts,6892503,68.92503,0.4787810756121542
25,2020-07-16,26,Massachusetts,6892503,68.92503,0.37722145351260633
25,2020-07-17,21,Massachusetts,6892503,68.92503,0.3046788662986436
25,2020-07-18,23,Massachusetts,6892503,68.92503,0.3336959011842287
25,2020-07-19,19,Massachusetts,6892503,68.92503,0.2756618314130585
25,2020-07-20,13,Massachusetts,6892503,68.92503,0.18861072675630317
25,2020-07-21,2,Massachusetts,6892503,68.92503,0.029017034885585102
25,2020-07-22,56,Massachusetts,6892503,68.92503,0.8124769767963829
25,2020-07-23,36,Massachusetts,6892503,68.92503,0.5223066279405318
25,2020-07-24,22,Massachusetts,6892503,68.92503,0.3191873837414361
25,2020-07-25,24,Massachusetts,6892503,68.92503,0.34820441862702123
25,2020-07-26,27,Massachusetts,6892503,68.92503,0.3917299709553989
25,2020-07-27,33,Massachusetts,6892503,68.92503,0.4787810756121542
25,2020-07-28,15,Massachusetts,6892503,68.92503,0.21762776164188827
25,2020-07-29,26,Massachusetts,6892503,68.92503,0.37722145351260633
25,2020-07-30,23,Massachusetts,6892503,68.92503,0.3336959011842287
25,2020-07-31,24,Massachusetts,6892503,68.92503,0.34820441862702123
25,2020-08-01,24,Massachusetts,6892503,68.92503,0.34820441862702123
25,2020-08-02,19,Massachusetts,6892503,68.92503,0.2756618314130585
25,2020-08-03,26,Massachusetts,6892503,68.92503,0.37722145351260633
25,2020-08-04,25,Massachusetts,6892503,68.92503,0.3627129360698138
25,2020-08-05,23,Massachusetts,6892503,68.92503,0.3336959011842287
25,2020-08-06,27,Massachusetts,6892503,68.92503,0.3917299709553989
25,2020-08-07,25,Massachusetts,6892503,68.92503,0.3627129360698138
25,2020-08-08,15,Massachusetts,6892503,68.92503,0.21762776164188827
25,2020-08-09,14,Massachusetts,6892503,68.92503,0.20311924419909572
25,2020-08-10,25,Massachusetts,6892503,68.92503,0.3627129360698138
25,2020-08-11,17,Massachusetts,6892503,68.92503,0.24664479652747337
25,2020-08-12,19,Massachusetts,6892503,68.92503,0.2756618314130585
25,2020-08-13,23,Massachusetts,6892503,68.92503,0.3336959011842287
25,2020-08-14,27,Massachusetts,6892503,68.92503,0.3917299709553989
25,2020-08-15,16,Massachusetts,6892503,68.92503,0.23213627908468082
25,2020-08-16,22,Massachusetts,6892503,68.92503,0.3191873837414361
25,2020-08-17,20,Massachusetts,6892503,68.92503,0.290170348855851
25,2020-08-18,16,Massachusetts,6892503,68.92503,0.23213627908468082
25,2020-08-19,13,Massachusetts,6892503,68.92503,0.18861072675630317
25,2020-08-20,14,Massachusetts,6892503,68.92503,0.20311924419909572
25,2020-08-21,13,Massachusetts,6892503,68.92503,0.18861072675630317
25,2020-08-22,12,Massachusetts,6892503,68.92503,0.17410220931351061
25,2020-08-23,16,Massachusetts,6892503,68.92503,0.23213627908468082
25,2020-08-24,21,Massachusetts,6892503,68.92503,0.3046788662986436
25,2020-08-25,22,Massachusetts,6892503,68.92503,0.3191873837414361
25,2020-08-26,17,Massachusetts,6892503,68.92503,0.24664479652747337
25,2020-08-27,17,Massachusetts,6892503,68.92503,0.24664479652747337
25,2020-08-28,23,Massachusetts,6892503,68.92503,0.3336959011842287
25,2020-08-29,12,Massachusetts,6892503,68.92503,0.17410220931351061
25,2020-08-30,16,Massachusetts,6892503,68.92503,0.23213627908468082
25,2020-08-31,20,Massachusetts,6892503,68.92503,0.290170348855851
25,2020-09-01,28,Massachusetts,6892503,68.92503,0.40623848839819143
25,2020-09-02,16,Massachusetts,6892503,68.92503,0.23213627908468082
25,2020-09-03,26,Massachusetts,6892503,68.92503,0.37722145351260633
25,2020-09-04,19,Massachusetts,6892503,68.92503,0.2756618314130585
25,2020-09-05,22,Massachusetts,6892503,68.92503,0.3191873837414361
25,2020-09-06,20,Massachusetts,6892503,68.92503,0.290170348855851
25,2020-09-07,22,Massachusetts,6892503,68.92503,0.3191873837414361
25,2020-09-08,26,Massachusetts,6892503,68.92503,0.37722145351260633
25,2020-09-09,20,Massachusetts,6892503,68.92503,0.290170348855851
25,2020-09-10,20,Massachusetts,6892503,68.92503,0.290170348855851
25,2020-09-11,22,Massachusetts,6892503,68.92503,0.3191873837414361
25,2020-09-12,15,Massachusetts,6892503,68.92503,0.21762776164188827
25,2020-09-13,25,Massachusetts,6892503,68.92503,0.3627129360698138
25,2020-09-14,38,Massachusetts,6892503,68.92503,0.551323662826117
25,2020-09-15,31,Massachusetts,6892503,68.92503,0.4497640407265691
25,2020-09-16,23,Massachusetts,6892503,68.92503,0.3336959011842287
25,2020-09-17,24,Massachusetts,6892503,68.92503,0.34820441862702123
25,2020-09-18,29,Massachusetts,6892503,68.92503,0.420747005840984
25,2020-09-19,29,Massachusetts,6892503,68.92503,0.420747005840984
25,2020-09-20,28,Massachusetts,6892503,68.92503,0.40623848839819143
25,2020-09-21,20,Massachusetts,6892503,68.92503,0.290170348855851
25,2020-09-22,34,Massachusetts,6892503,68.92503,0.49328959305494674
25,2020-09-23,28,Massachusetts,6892503,68.92503,0.40623848839819143
25,2020-09-24,33,Massachusetts,6892503,68.92503,0.4787810756121542
25,2020-09-25,37,Massachusetts,6892503,68.92503,0.5368151453833244
25,2020-09-26,40,Massachusetts,6892503,68.92503,0.580340697711702
25,2020-09-27,32,Massachusetts,6892503,68.92503,0.46427255816936164
25,2020-09-28,36,Massachusetts,6892503,68.92503,0.5223066279405318
25,2020-09-29,32,Massachusetts,6892503,68.92503,0.46427255816936164
25,2020-09-30,40,Massachusetts,6892503,68.92503,0.580340697711702
25,2020-10-01,42,Massachusetts,6892503,68.92503,0.6093577325972872
25,2020-10-02,43,Massachusetts,6892503,68.92503,0.6238662500400797
25,2020-10-03,33,Massachusetts,6892503,68.92503,0.4787810756121542
25,2020-10-04,44,Massachusetts,6892503,68.92503,0.6383747674828723
25,2020-10-05,40,Massachusetts,6892503,68.92503,0.580340697711702
25,2020-10-06,40,Massachusetts,6892503,68.92503,0.580340697711702
25,2020-10-07,40,Massachusetts,6892503,68.92503,0.580340697711702
25,2020-10-08,52,Massachusetts,6892503,68.92503,0.7544429070252127
25,2020-10-09,40,Massachusetts,6892503,68.92503,0.580340697711702
25,2020-10-10,33,Massachusetts,6892503,68.92503,0.4787810756121542
25,2020-10-11,36,Massachusetts,6892503,68.92503,0.5223066279405318
25,2020-10-12,42,Massachusetts,6892503,68.92503,0.6093577325972872
25,2020-10-13,47,Massachusetts,6892503,68.92503,0.6819003198112499
25,2020-10-14,39,Massachusetts,6892503,68.92503,0.5658321802689095
25,2020-10-15,36,Massachusetts,6892503,68.92503,0.5223066279405318
25,2020-10-16,43,Massachusetts,6892503,68.92503,0.6238662500400797
25,2020-10-17,42,Massachusetts,6892503,68.92503,0.6093577325972872
25,2020-10-18,40,Massachusetts,6892503,68.92503,0.580340697711702
25,2020-10-19,43,Massachusetts,6892503,68.92503,0.6238662500400797
25,2020-10-20,61,Massachusetts,6892503,68.92503,0.8850195640103456
25,2020-10-21,79,Massachusetts,6892503,68.92503,1.1461728779806115
25,2020-10-22,61,Massachusetts,6892503,68.92503,0.8850195640103456
25,2020-10-23,65,Massachusetts,6892503,68.92503,0.9430536337815159
25,2020-10-24,57,Massachusetts,6892503,68.92503,0.8269854942391754
25,2020-10-25,57,Massachusetts,6892503,68.92503,0.8269854942391754
25,2020-10-26,54,Massachusetts,6892503,68.92503,0.7834599419107978
25,2020-10-27,54,Massachusetts,6892503,68.92503,0.7834599419107978
25,2020-10-28,58,Massachusetts,6892503,68.92503,0.841494011681968
25,2020-10-29,60,Massachusetts,6892503,68.92503,0.8705110465675531
25,2020-10-30,52,Massachusetts,6892503,68.92503,0.7544429070252127
25,2020-10-31,64,Massachusetts,6892503,68.92503,0.9285451163387233
25,2020-11-01,58,Massachusetts,6892503,68.92503,0.841494011681968
25,2020-11-02,64,Massachusetts,6892503,68.92503,0.9285451163387233
25,2020-11-03,64,Massachusetts,6892503,68.92503,0.9285451163387233
25,2020-11-04,66,Massachusetts,6892503,68.92503,0.9575621512243084
25,2020-11-05,91,Massachusetts,6892503,68.92503,1.3202750872941222
25,2020-11-06,104,Massachusetts,6892503,68.92503,1.5088858140504253
25,2020-11-07,79,Massachusetts,6892503,68.92503,1.1461728779806115
25,2020-11-08,72,Massachusetts,6892503,68.92503,1.0446132558810637
25,2020-11-09,91,Massachusetts,6892503,68.92503,1.3202750872941222
25,2020-11-10,99,Massachusetts,6892503,68.92503,1.4363432268364626
25,2020-11-11,85,Massachusetts,6892503,68.92503,1.233223982637367
25,2020-11-12,114,Massachusetts,6892503,68.92503,1.653970988478351
25,2020-11-13,101,Massachusetts,6892503,68.92503,1.4653602617220478
25,2020-11-14,91,Massachusetts,6892503,68.92503,1.3202750872941222
25,2020-11-15,113,Massachusetts,6892503,68.92503,1.6394624710355583
25,2020-11-16,147,Massachusetts,6892503,68.92503,2.132752064090505
25,2020-11-17,145,Massachusetts,6892503,68.92503,2.10373502920492
25,2020-11-18,131,Massachusetts,6892503,68.92503,1.9006157850058243
25,2020-11-19,112,Massachusetts,6892503,68.92503,1.6249539535927657
25,2020-11-20,140,Massachusetts,6892503,68.92503,2.031192441990957
25,2020-11-21,123,Massachusetts,6892503,68.92503,1.7845476454634839
25,2020-11-22,113,Massachusetts,6892503,68.92503,1.6394624710355583
25,2020-11-23,125,Massachusetts,6892503,68.92503,1.813564680349069
25,2020-11-24,119,Massachusetts,6892503,68.92503,1.7265135756923136
25,2020-11-25,134,Massachusetts,6892503,68.92503,1.944141337334202
25,2020-11-26,113,Massachusetts,6892503,68.92503,1.6394624710355583
25,2020-11-27,141,Massachusetts,6892503,68.92503,2.04570095943375
25,2020-11-28,160,Massachusetts,6892503,68.92503,2.321362790846808
25,2020-11-29,129,Massachusetts,6892503,68.92503,1.8715987501202391
25,2020-11-30,188,Massachusetts,6892503,68.92503,2.7276012792449995
25,2020-12-01,215,Massachusetts,6892503,68.92503,3.1193312502003985
25,2020-12-02,197,Massachusetts,6892503,68.92503,2.8581779362301325
25,2020-12-03,191,Massachusetts,6892503,68.92503,2.7711268315733775
25,2020-12-04,196,Massachusetts,6892503,68.92503,2.84366941878734
25,2020-12-05,188,Massachusetts,6892503,68.92503,2.7276012792449995
25,2020-12-06,180,Massachusetts,6892503,68.92503,2.6115331397026593
25,2020-12-07,237,Massachusetts,6892503,68.92503,3.4385186339418348
25,2020-12-08,296,Massachusetts,6892503,68.92503,4.294521163066595
25,2020-12-09,268,Massachusetts,6892503,68.92503,3.888282674668404
25,2020-12-10,286,Massachusetts,6892503,68.92503,4.14943598863867
25,2020-12-11,306,Massachusetts,6892503,68.92503,4.439606337494521
25,2020-12-12,238,Massachusetts,6892503,68.92503,3.453027151384627
25,2020-12-13,216,Massachusetts,6892503,68.92503,3.1338397676431913
25,2020-12-14,238,Massachusetts,6892503,68.92503,3.453027151384627
25,2020-12-15,296,Massachusetts,6892503,68.92503,4.294521163066595
25,2020-12-16,300,Massachusetts,6892503,68.92503,4.352555232837766
25,2020-12-17,254,Massachusetts,6892503,68.92503,3.685163430469308
25,2020-12-18,284,Massachusetts,6892503,68.92503,4.120418953753084
25,2020-12-19,290,Massachusetts,6892503,68.92503,4.20747005840984
25,2020-12-20,191,Massachusetts,6892503,68.92503,2.7711268315733775
25,2020-12-21,262,Massachusetts,6892503,68.92503,3.8012315700116486
25,2020-12-22,302,Massachusetts,6892503,68.92503,4.38157226772335
25,2020-12-23,281,Massachusetts,6892503,68.92503,4.076893401424707
25,2020-12-24,281,Massachusetts,6892503,68.92503,4.076893401424707
25,2020-12-25,262,Massachusetts,6892503,68.92503,3.8012315700116486
25,2020-12-26,284,Massachusetts,6892503,68.92503,4.120418953753084
25,2020-12-27,230,Massachusetts,6892503,68.92503,3.336959011842287
25,2020-12-28,279,Massachusetts,6892503,68.92503,4.047876366539122
25,2020-12-29,323,Massachusetts,6892503,68.92503,4.686251134021994
25,2020-12-30,337,Massachusetts,6892503,68.92503,4.8893703782210896
25,2020-12-31,311,Massachusetts,6892503,68.92503,4.512148924708484
25,2021-01-01,257,Massachusetts,6892503,68.92503,3.728688982797686
25,2021-01-02,273,Massachusetts,6892503,68.92503,3.9608252618823667
25,2021-01-03,231,Massachusetts,6892503,68.92503,3.3514675292850793
25,2021-01-04,326,Massachusetts,6892503,68.92503,4.729776686350371
25,2021-01-05,284,Massachusetts,6892503,68.92503,4.120418953753084
25,2021-01-06,303,Massachusetts,6892503,68.92503,4.396080785166143
25,2021-01-07,290,Massachusetts,6892503,68.92503,4.20747005840984
25,2021-01-08,279,Massachusetts,6892503,68.92503,4.047876366539122
25,2021-01-09,234,Massachusetts,6892503,68.92503,3.3949930816134573
25,2021-01-10,198,Massachusetts,6892503,68.92503,2.8726864536729253
25,2021-01-11,279,Massachusetts,6892503,68.92503,4.047876366539122
25,2021-01-12,345,Massachusetts,6892503,68.92503,5.00543851776343
25,2021-01-13,312,Massachusetts,6892503,68.92503,4.526657442151276
25,2021-01-14,295,Massachusetts,6892503,68.92503,4.280012645623803
25,2021-01-15,283,Massachusetts,6892503,68.92503,4.1059104363102925
25,2021-01-16,244,Massachusetts,6892503,68.92503,3.5400782560413826
25,2021-01-17,205,Massachusetts,6892503,68.92503,2.974246075772473
25,2021-01-18,247,Massachusetts,6892503,68.92503,3.58360380836976
25,2021-01-19,244,Massachusetts,6892503,68.92503,3.5400782560413826
25,2021-01-20,235,Massachusetts,6892503,68.92503,3.4095015990562496
25,2021-01-21,268,Massachusetts,6892503,68.92503,3.888282674668404
25,2021-01-22,227,Massachusetts,6892503,68.92503,3.2934334595139094
25,2021-01-23,199,Massachusetts,6892503,68.92503,2.8871949711157177
25,2021-01-24,180,Massachusetts,6892503,68.92503,2.6115331397026593
25,2021-01-25,224,Massachusetts,6892503,68.92503,3.2499079071855315
25,2021-01-26,241,Massachusetts,6892503,68.92503,3.496552703713005
25,2021-01-27,226,Massachusetts,6892503,68.92503,3.2789249420711166
25,2021-01-28,218,Massachusetts,6892503,68.92503,3.1628568025287764
25,2021-01-29,209,Massachusetts,6892503,68.92503,3.0322801455436434
25,2021-01-30,163,Massachusetts,6892503,68.92503,2.3648883431751857
25,2021-01-31,174,Massachusetts,6892503,68.92503,2.524482035045904
25,2021-02-01,171,Massachusetts,6892503,68.92503,2.4809564827175263
25,2021-02-02,186,Massachusetts,6892503,68.92503,2.698584244359415
25,2021-02-03,198,Massachusetts,6892503,68.92503,2.8726864536729253
25,2021-02-04,191,Massachusetts,6892503,68.92503,2.7711268315733775
25,2021-02-05,203,Massachusetts,6892503,68.92503,2.945229040886888
25,2021-02-06,159,Massachusetts,6892503,68.92503,2.306854273404016
25,2021-02-07,128,Massachusetts,6892503,68.92503,1.8570902326774466
25,2021-02-08,149,Massachusetts,6892503,68.92503,2.16176909897609
25,2021-02-09,146,Massachusetts,6892503,68.92503,2.1182435466477125
25,2021-02-10,140,Massachusetts,6892503,68.92503,2.031192441990957
25,2021-02-11,136,Massachusetts,6892503,68.92503,1.973158372219787
25,2021-02-12,137,Massachusetts,6892503,68.92503,1.9876668896625795
25,2021-02-13,120,Massachusetts,6892503,68.92503,1.7410220931351061
25,2021-02-14,104,Massachusetts,6892503,68.92503,1.5088858140504253
25,2021-02-15,102,Massachusetts,6892503,68.92503,1.4798687791648402
25,2021-02-16,112,Massachusetts,6892503,68.92503,1.6249539535927657
25,2021-02-17,120,Massachusetts,6892503,68.92503,1.7410220931351061
25,2021-02-18,107,Massachusetts,6892503,68.92503,1.552411366378803
25,2021-02-19,103,Massachusetts,6892503,68.92503,1.4943772966076327
25,2021-02-20,104,Massachusetts,6892503,68.92503,1.5088858140504253
25,2021-02-21,94,Massachusetts,6892503,68.92503,1.3638006396224998
25,2021-02-22,111,Massachusetts,6892503,68.92503,1.6104454361499732
25,2021-02-23,127,Massachusetts,6892503,68.92503,1.842581715234654
25,2021-02-24,101,Massachusetts,6892503,68.92503,1.4653602617220478
25,2021-02-25,111,Massachusetts,6892503,68.92503,1.6104454361499732
25,2021-02-26,107,Massachusetts,6892503,68.92503,1.552411366378803
25,2021-02-27,103,Massachusetts,6892503,68.92503,1.4943772966076327
25,2021-02-28,70,Massachusetts,6892503,68.92503,1.0155962209954785
25,2021-03-01,101,Massachusetts,6892503,68.92503,1.4653602617220478
25,2021-03-02,102,Massachusetts,6892503,68.92503,1.4798687791648402
25,2021-03-03,114,Massachusetts,6892503,68.92503,1.653970988478351
25,2021-03-04,113,Massachusetts,6892503,68.92503,1.6394624710355583
25,2021-03-05,102,Massachusetts,6892503,68.92503,1.4798687791648402
25,2021-03-06,94,Massachusetts,6892503,68.92503,1.3638006396224998
25,2021-03-07,85,Massachusetts,6892503,68.92503,1.233223982637367
25,2021-03-08,97,Massachusetts,6892503,68.92503,1.4073261919508775
25,2021-03-09,101,Massachusetts,6892503,68.92503,1.4653602617220478
25,2021-03-10,77,Massachusetts,6892503,68.92503,1.1171558430950266
25,2021-03-11,94,Massachusetts,6892503,68.92503,1.3638006396224998
25,2021-03-12,82,Massachusetts,6892503,68.92503,1.1896984303089893
25,2021-03-13,83,Massachusetts,6892503,68.92503,1.2042069477517818
25,2021-03-14,67,Massachusetts,6892503,68.92503,0.972070668667101
25,2021-03-15,83,Massachusetts,6892503,68.92503,1.2042069477517818
25,2021-03-16,86,Massachusetts,6892503,68.92503,1.2477325000801593
25,2021-03-17,96,Massachusetts,6892503,68.92503,1.392817674508085
25,2021-03-18,86,Massachusetts,6892503,68.92503,1.2477325000801593
25,2021-03-19,110,Massachusetts,6892503,68.92503,1.5959369187071806
25,2021-03-20,91,Massachusetts,6892503,68.92503,1.3202750872941222
25,2021-03-21,80,Massachusetts,6892503,68.92503,1.160681395423404
25,2021-03-22,89,Massachusetts,6892503,68.92503,1.291258052408537
25,2021-03-23,104,Massachusetts,6892503,68.92503,1.5088858140504253
25,2021-03-24,85,Massachusetts,6892503,68.92503,1.233223982637367
25,2021-03-25,114,Massachusetts,6892503,68.92503,1.653970988478351
25,2021-03-26,114,Massachusetts,6892503,68.92503,1.653970988478351
25,2021-03-27,96,Massachusetts,6892503,68.92503,1.392817674508085
25,2021-03-28,81,Massachusetts,6892503,68.92503,1.1751899128661967
25,2021-03-29,100,Massachusetts,6892503,68.92503,1.4508517442792552
25,2021-03-30,104,Massachusetts,6892503,68.92503,1.5088858140504253
25,2021-03-31,114,Massachusetts,6892503,68.92503,1.653970988478351
25,2021-04-01,118,Massachusetts,6892503,68.92503,1.712005058249521
25,2021-04-02,103,Massachusetts,6892503,68.92503,1.4943772966076327
25,2021-04-03,95,Massachusetts,6892503,68.92503,1.3783091570652923
25,2021-04-04,98,Massachusetts,6892503,68.92503,1.42183470939367
25,2021-04-05,101,Massachusetts,6892503,68.92503,1.4653602617220478
25,2021-04-06,106,Massachusetts,6892503,68.92503,1.5379028489360105
25,2021-04-07,105,Massachusetts,6892503,68.92503,1.523394331493218
25,2021-04-08,102,Massachusetts,6892503,68.92503,1.4798687791648402
25,2021-04-09,112,Massachusetts,6892503,68.92503,1.6249539535927657
25,2021-04-10,93,Massachusetts,6892503,68.92503,1.3492921221797074
25,2021-04-11,90,Massachusetts,6892503,68.92503,1.3057665698513297
25,2021-04-12,93,Massachusetts,6892503,68.92503,1.3492921221797074
25,2021-04-13,91,Massachusetts,6892503,68.92503,1.3202750872941222
25,2021-04-14,104,Massachusetts,6892503,68.92503,1.5088858140504253
25,2021-04-15,115,Massachusetts,6892503,68.92503,1.6684795059211435
25,2021-04-16,116,Massachusetts,6892503,68.92503,1.682988023363936
25,2021-04-17,106,Massachusetts,6892503,68.92503,1.5379028489360105
25,2021-04-18,84,Massachusetts,6892503,68.92503,1.2187154651945744
25,2021-04-19,81,Massachusetts,6892503,68.92503,1.1751899128661967
25,2021-04-20,104,Massachusetts,6892503,68.92503,1.5088858140504253
25,2021-04-21,90,Massachusetts,6892503,68.92503,1.3057665698513297
25,2021-04-22,99,Massachusetts,6892503,68.92503,1.4363432268364626
25,2021-04-23,96,Massachusetts,6892503,68.92503,1.392817674508085
25,2021-04-24,70,Massachusetts,6892503,68.92503,1.0155962209954785
25,2021-04-25,81,Massachusetts,6892503,68.92503,1.1751899128661967
25,2021-04-26,62,Massachusetts,6892503,68.92503,0.8995280814531382
25,2021-04-27,85,Massachusetts,6892503,68.92503,1.233223982637367
25,2021-04-28,76,Massachusetts,6892503,68.92503,1.102647325652234
25,2021-04-29,73,Massachusetts,6892503,68.92503,1.0591217733238563
25,2021-04-30,73,Massachusetts,6892503,68.92503,1.0591217733238563
25,2021-05-01,66,Massachusetts,6892503,68.92503,0.9575621512243084
25,2021-05-02,52,Massachusetts,6892503,68.92503,0.7544429070252127
25,2021-05-03,57,Massachusetts,6892503,68.92503,0.8269854942391754
25,2021-05-04,72,Massachusetts,6892503,68.92503,1.0446132558810637
25,2021-05-05,76,Massachusetts,6892503,68.92503,1.102647325652234
25,2021-05-06,65,Massachusetts,6892503,68.92503,0.9430536337815159
25,2021-05-07,71,Massachusetts,6892503,68.92503,1.030104738438271
25,2021-05-08,48,Massachusetts,6892503,68.92503,0.6964088372540425
25,2021-05-09,44,Massachusetts,6892503,68.92503,0.6383747674828723
25,2021-05-10,61,Massachusetts,6892503,68.92503,0.8850195640103456
25,2021-05-11,51,Massachusetts,6892503,68.92503,0.7399343895824201
25,2021-05-12,55,Massachusetts,6892503,68.92503,0.7979684593535903
25,2021-05-13,52,Massachusetts,6892503,68.92503,0.7544429070252127
25,2021-05-14,46,Massachusetts,6892503,68.92503,0.6673918023684574
25,2021-05-15,46,Massachusetts,6892503,68.92503,0.6673918023684574
25,2021-05-16,40,Massachusetts,6892503,68.92503,0.580340697711702
25,2021-05-17,46,Massachusetts,6892503,68.92503,0.6673918023684574
25,2021-05-18,42,Massachusetts,6892503,68.92503,0.6093577325972872
25,2021-05-19,34,Massachusetts,6892503,68.92503,0.49328959305494674
25,2021-05-20,35,Massachusetts,6892503,68.92503,0.5077981104977393
25,2021-05-21,32,Massachusetts,6892503,68.92503,0.46427255816936164
25,2021-05-22,39,Massachusetts,6892503,68.92503,0.5658321802689095
25,2021-05-23,41,Massachusetts,6892503,68.92503,0.5948492151544946
25,2021-05-24,55,Massachusetts,6892503,68.92503,0.7979684593535903
25,2021-05-25,31,Massachusetts,6892503,68.92503,0.4497640407265691
25,2021-05-26,27,Massachusetts,6892503,68.92503,0.3917299709553989
25,2021-05-27,30,Massachusetts,6892503,68.92503,0.43525552328377654
25,2021-05-28,33,Massachusetts,6892503,68.92503,0.4787810756121542
25,2021-05-29,17,Massachusetts,6892503,68.92503,0.24664479652747337
25,2021-05-30,26,Massachusetts,6892503,68.92503,0.37722145351260633
25,2021-05-31,21,Massachusetts,6892503,68.92503,0.3046788662986436
25,2021-06-01,19,Massachusetts,6892503,68.92503,0.2756618314130585
25,2021-06-02,18,Massachusetts,6892503,68.92503,0.2611533139702659
25,2021-06-03,25,Massachusetts,6892503,68.92503,0.3627129360698138
25,2021-06-04,23,Massachusetts,6892503,68.92503,0.3336959011842287
25,2021-06-05,11,Massachusetts,6892503,68.92503,0.15959369187071806
25,2021-06-06,10,Massachusetts,6892503,68.92503,0.1450851744279255
25,2021-06-07,27,Massachusetts,6892503,68.92503,0.3917299709553989
25,2021-06-08,19,Massachusetts,6892503,68.92503,0.2756618314130585
25,2021-06-09,14,Massachusetts,6892503,68.92503,0.20311924419909572
25,2021-06-10,20,Massachusetts,6892503,68.92503,0.290170348855851
25,2021-06-11,8,Massachusetts,6892503,68.92503,0.11606813954234041
25,2021-06-12,17,Massachusetts,6892503,68.92503,0.24664479652747337
25,2021-06-13,7,Massachusetts,6892503,68.92503,0.10155962209954786
25,2021-06-14,12,Massachusetts,6892503,68.92503,0.17410220931351061
25,2021-06-15,14,Massachusetts,6892503,68.92503,0.20311924419909572
25,2021-06-16,16,Massachusetts,6892503,68.92503,0.23213627908468082
25,2021-06-17,13,Massachusetts,6892503,68.92503,0.18861072675630317
25,2021-06-18,15,Massachusetts,6892503,68.92503,0.21762776164188827
25,2021-06-19,12,Massachusetts,6892503,68.92503,0.17410220931351061
25,2021-06-20,11,Massachusetts,6892503,68.92503,0.15959369187071806
25,2021-06-21,18,Massachusetts,6892503,68.92503,0.2611533139702659
25,2021-06-22,11,Massachusetts,6892503,68.92503,0.15959369187071806
25,2021-06-23,13,Massachusetts,6892503,68.92503,0.18861072675630317
25,2021-06-24,12,Massachusetts,6892503,68.92503,0.17410220931351061
25,2021-06-25,12,Massachusetts,6892503,68.92503,0.17410220931351061
25,2021-06-26,9,Massachusetts,6892503,68.92503,0.13057665698513296
25,2021-06-27,15,Massachusetts,6892503,68.92503,0.21762776164188827
25,2021-06-28,22,Massachusetts,6892503,68.92503,0.3191873837414361
25,2021-06-29,9,Massachusetts,6892503,68.92503,0.13057665698513296
25,2021-06-30,9,Massachusetts,6892503,68.92503,0.13057665698513296
25,2021-07-01,8,Massachusetts,6892503,68.92503,0.11606813954234041
25,2021-07-02,8,Massachusetts,6892503,68.92503,0.11606813954234041
25,2021-07-03,12,Massachusetts,6892503,68.92503,0.17410220931351061
25,2021-07-04,6,Massachusetts,6892503,68.92503,0.08705110465675531
25,2021-07-05,15,Massachusetts,6892503,68.92503,0.21762776164188827
25,2021-07-06,14,Massachusetts,6892503,68.92503,0.20311924419909572
25,2021-07-07,13,Massachusetts,6892503,68.92503,0.18861072675630317
25,2021-07-08,23,Massachusetts,6892503,68.92503,0.3336959011842287
25,2021-07-09,17,Massachusetts,6892503,68.92503,0.24664479652747337
25,2021-07-10,18,Massachusetts,6892503,68.92503,0.2611533139702659
25,2021-07-11,7,Massachusetts,6892503,68.92503,0.10155962209954786
25,2021-07-12,16,Massachusetts,6892503,68.92503,0.23213627908468082
25,2021-07-13,16,Massachusetts,6892503,68.92503,0.23213627908468082
25,2021-07-14,12,Massachusetts,6892503,68.92503,0.17410220931351061
25,2021-07-15,16,Massachusetts,6892503,68.92503,0.23213627908468082
25,2021-07-16,15,Massachusetts,6892503,68.92503,0.21762776164188827
25,2021-07-17,12,Massachusetts,6892503,68.92503,0.17410220931351061
25,2021-07-18,9,Massachusetts,6892503,68.92503,0.13057665698513296
25,2021-07-19,17,Massachusetts,6892503,68.92503,0.24664479652747337
25,2021-07-20,22,Massachusetts,6892503,68.92503,0.3191873837414361
25,2021-07-21,22,Massachusetts,6892503,68.92503,0.3191873837414361
25,2021-07-22,26,Massachusetts,6892503,68.92503,0.37722145351260633
25,2021-07-23,17,Massachusetts,6892503,68.92503,0.24664479652747337
25,2021-07-24,24,Massachusetts,6892503,68.92503,0.34820441862702123
25,2021-07-25,32,Massachusetts,6892503,68.92503,0.46427255816936164
25,2021-07-26,37,Massachusetts,6892503,68.92503,0.5368151453833244
25,2021-07-27,36,Massachusetts,6892503,68.92503,0.5223066279405318
25,2021-07-28,34,Massachusetts,6892503,68.92503,0.49328959305494674
25,2021-07-29,46,Massachusetts,6892503,68.92503,0.6673918023684574
25,2021-07-30,36,Massachusetts,6892503,68.92503,0.5223066279405318
25,2021-07-31,37,Massachusetts,6892503,68.92503,0.5368151453833244
25,2021-08-01,37,Massachusetts,6892503,68.92503,0.5368151453833244
25,2021-08-02,48,Massachusetts,6892503,68.92503,0.6964088372540425
25,2021-08-03,45,Massachusetts,6892503,68.92503,0.6528832849256648
25,2021-08-04,39,Massachusetts,6892503,68.92503,0.5658321802689095
25,2021-08-05,50,Massachusetts,6892503,68.92503,0.7254258721396276
25,2021-08-06,49,Massachusetts,6892503,68.92503,0.710917354696835
25,2021-08-07,51,Massachusetts,6892503,68.92503,0.7399343895824201
25,2021-08-08,48,Massachusetts,6892503,68.92503,0.6964088372540425
25,2021-08-09,55,Massachusetts,6892503,68.92503,0.7979684593535903
25,2021-08-10,69,Massachusetts,6892503,68.92503,1.0010877035526862
25,2021-08-11,61,Massachusetts,6892503,68.92503,0.8850195640103456
25,2021-08-12,60,Massachusetts,6892503,68.92503,0.8705110465675531
25,2021-08-13,47,Massachusetts,6892503,68.92503,0.6819003198112499
25,2021-08-14,60,Massachusetts,6892503,68.92503,0.8705110465675531
25,2021-08-15,54,Massachusetts,6892503,68.92503,0.7834599419107978
25,2021-08-16,57,Massachusetts,6892503,68.92503,0.8269854942391754
25,2021-08-17,76,Massachusetts,6892503,68.92503,1.102647325652234
25,2021-08-18,79,Massachusetts,6892503,68.92503,1.1461728779806115
25,2021-08-19,94,Massachusetts,6892503,68.92503,1.3638006396224998
25,2021-08-20,83,Massachusetts,6892503,68.92503,1.2042069477517818
25,2021-08-21,64,Massachusetts,6892503,68.92503,0.9285451163387233
25,2021-08-22,69,Massachusetts,6892503,68.92503,1.0010877035526862
25,2021-08-23,76,Massachusetts,6892503,68.92503,1.102647325652234
25,2021-08-24,67,Massachusetts,6892503,68.92503,0.972070668667101
25,2021-08-25,79,Massachusetts,6892503,68.92503,1.1461728779806115
25,2021-08-26,81,Massachusetts,6892503,68.92503,1.1751899128661967
25,2021-08-27,81,Massachusetts,6892503,68.92503,1.1751899128661967
25,2021-08-28,71,Massachusetts,6892503,68.92503,1.030104738438271
25,2021-08-29,68,Massachusetts,6892503,68.92503,0.9865791861098935
25,2021-08-30,87,Massachusetts,6892503,68.92503,1.262241017522952
25,2021-08-31,73,Massachusetts,6892503,68.92503,1.0591217733238563
25,2021-09-01,93,Massachusetts,6892503,68.92503,1.3492921221797074
25,2021-09-02,58,Massachusetts,6892503,68.92503,0.841494011681968
25,2021-09-03,66,Massachusetts,6892503,68.92503,0.9575621512243084
25,2021-09-04,73,Massachusetts,6892503,68.92503,1.0591217733238563
25,2021-09-05,80,Massachusetts,6892503,68.92503,1.160681395423404
25,2021-09-06,74,Massachusetts,6892503,68.92503,1.0736302907666488
25,2021-09-07,88,Massachusetts,6892503,68.92503,1.2767495349657445
25,2021-09-08,91,Massachusetts,6892503,68.92503,1.3202750872941222
25,2021-09-09,97,Massachusetts,6892503,68.92503,1.4073261919508775
25,2021-09-10,98,Massachusetts,6892503,68.92503,1.42183470939367
25,2021-09-11,81,Massachusetts,6892503,68.92503,1.1751899128661967
25,2021-09-12,88,Massachusetts,6892503,68.92503,1.2767495349657445
25,2021-09-13,66,Massachusetts,6892503,68.92503,0.9575621512243084
25,2021-09-14,80,Massachusetts,6892503,68.92503,1.160681395423404
25,2021-09-15,97,Massachusetts,6892503,68.92503,1.4073261919508775
25,2021-09-16,78,Massachusetts,6892503,68.92503,1.131664360537819
25,2021-09-17,70,Massachusetts,6892503,68.92503,1.0155962209954785
25,2021-09-18,55,Massachusetts,6892503,68.92503,0.7979684593535903
25,2021-09-19,61,Massachusetts,6892503,68.92503,0.8850195640103456
25,2021-09-20,72,Massachusetts,6892503,68.92503,1.0446132558810637
25,2021-09-21,73,Massachusetts,6892503,68.92503,1.0591217733238563
25,2021-09-22,73,Massachusetts,6892503,68.92503,1.0591217733238563
25,2021-09-23,64,Massachusetts,6892503,68.92503,0.9285451163387233
25,2021-09-24,81,Massachusetts,6892503,68.92503,1.1751899128661967
25,2021-09-25,69,Massachusetts,6892503,68.92503,1.0010877035526862
25,2021-09-26,64,Massachusetts,6892503,68.92503,0.9285451163387233
25,2021-09-27,79,Massachusetts,6892503,68.92503,1.1461728779806115
25,2021-09-28,80,Massachusetts,6892503,68.92503,1.160681395423404
25,2021-09-29,67,Massachusetts,6892503,68.92503,0.972070668667101
25,2021-09-30,75,Massachusetts,6892503,68.92503,1.0881388082094414
25,2021-10-01,59,Massachusetts,6892503,68.92503,0.8560025291247605
25,2021-10-02,51,Massachusetts,6892503,68.92503,0.7399343895824201
25,2021-10-03,60,Massachusetts,6892503,68.92503,0.8705110465675531
25,2021-10-04,77,Massachusetts,6892503,68.92503,1.1171558430950266
25,2021-10-05,73,Massachusetts,6892503,68.92503,1.0591217733238563
25,2021-10-06,70,Massachusetts,6892503,68.92503,1.0155962209954785
25,2021-10-07,47,Massachusetts,6892503,68.92503,0.6819003198112499
25,2021-10-08,64,Massachusetts,6892503,68.92503,0.9285451163387233
25,2021-10-09,57,Massachusetts,6892503,68.92503,0.8269854942391754
25,2021-10-10,49,Massachusetts,6892503,68.92503,0.710917354696835
25,2021-10-11,73,Massachusetts,6892503,68.92503,1.0591217733238563
25,2021-10-12,71,Massachusetts,6892503,68.92503,1.030104738438271
25,2021-10-13,61,Massachusetts,6892503,68.92503,0.8850195640103456
25,2021-10-14,58,Massachusetts,6892503,68.92503,0.841494011681968
25,2021-10-15,66,Massachusetts,6892503,68.92503,0.9575621512243084
25,2021-10-16,63,Massachusetts,6892503,68.92503,0.9140365988959307
25,2021-10-17,53,Massachusetts,6892503,68.92503,0.7689514244680052
25,2021-10-18,62,Massachusetts,6892503,68.92503,0.8995280814531382
25,2021-10-19,61,Massachusetts,6892503,68.92503,0.8850195640103456
25,2021-10-20,53,Massachusetts,6892503,68.92503,0.7689514244680052
25,2021-10-21,69,Massachusetts,6892503,68.92503,1.0010877035526862
25,2021-10-22,61,Massachusetts,6892503,68.92503,0.8850195640103456
25,2021-10-23,42,Massachusetts,6892503,68.92503,0.6093577325972872
25,2021-10-24,59,Massachusetts,6892503,68.92503,0.8560025291247605
25,2021-10-25,48,Massachusetts,6892503,68.92503,0.6964088372540425
25,2021-10-26,70,Massachusetts,6892503,68.92503,1.0155962209954785
25,2021-10-27,74,Massachusetts,6892503,68.92503,1.0736302907666488
25,2021-10-28,53,Massachusetts,6892503,68.92503,0.7689514244680052
25,2021-10-29,58,Massachusetts,6892503,68.92503,0.841494011681968
25,2021-10-30,52,Massachusetts,6892503,68.92503,0.7544429070252127
25,2021-10-31,47,Massachusetts,6892503,68.92503,0.6819003198112499
25,2021-11-01,61,Massachusetts,6892503,68.92503,0.8850195640103456
25,2021-11-02,66,Massachusetts,6892503,68.92503,0.9575621512243084
25,2021-11-03,48,Massachusetts,6892503,68.92503,0.6964088372540425
25,2021-11-04,74,Massachusetts,6892503,68.92503,1.0736302907666488
25,2021-11-05,65,Massachusetts,6892503,68.92503,0.9430536337815159
25,2021-11-06,55,Massachusetts,6892503,68.92503,0.7979684593535903
25,2021-11-07,45,Massachusetts,6892503,68.92503,0.6528832849256648
25,2021-11-08,77,Massachusetts,6892503,68.92503,1.1171558430950266
25,2021-11-09,77,Massachusetts,6892503,68.92503,1.1171558430950266
25,2021-11-10,65,Massachusetts,6892503,68.92503,0.9430536337815159
25,2021-11-11,82,Massachusetts,6892503,68.92503,1.1896984303089893
25,2021-11-12,81,Massachusetts,6892503,68.92503,1.1751899128661967
25,2021-11-13,65,Massachusetts,6892503,68.92503,0.9430536337815159
25,2021-11-14,77,Massachusetts,6892503,68.92503,1.1171558430950266
25,2021-11-15,110,Massachusetts,6892503,68.92503,1.5959369187071806
25,2021-11-16,91,Massachusetts,6892503,68.92503,1.3202750872941222
25,2021-11-17,90,Massachusetts,6892503,68.92503,1.3057665698513297
25,2021-11-18,96,Massachusetts,6892503,68.92503,1.392817674508085
25,2021-11-19,98,Massachusetts,6892503,68.92503,1.42183470939367
25,2021-11-20,88,Massachusetts,6892503,68.92503,1.2767495349657445
25,2021-11-21,94,Massachusetts,6892503,68.92503,1.3638006396224998
25,2021-11-22,111,Massachusetts,6892503,68.92503,1.6104454361499732
25,2021-11-23,93,Massachusetts,6892503,68.92503,1.3492921221797074
25,2021-11-24,109,Massachusetts,6892503,68.92503,1.5814284012643882
25,2021-11-25,94,Massachusetts,6892503,68.92503,1.3638006396224998
25,2021-11-26,122,Massachusetts,6892503,68.92503,1.7700391280206913
25,2021-11-27,103,Massachusetts,6892503,68.92503,1.4943772966076327
25,2021-11-28,102,Massachusetts,6892503,68.92503,1.4798687791648402
25,2021-11-29,120,Massachusetts,6892503,68.92503,1.7410220931351061
25,2021-11-30,140,Massachusetts,6892503,68.92503,2.031192441990957
25,2021-12-01,117,Massachusetts,6892503,68.92503,1.6974965408067286
25,2021-12-02,137,Massachusetts,6892503,68.92503,1.9876668896625795
25,2021-12-03,156,Massachusetts,6892503,68.92503,2.263328721075638
25,2021-12-04,138,Massachusetts,6892503,68.92503,2.0021754071053723
25,2021-12-05,141,Massachusetts,6892503,68.92503,2.04570095943375
25,2021-12-06,177,Massachusetts,6892503,68.92503,2.568007587374282
25,2021-12-07,191,Massachusetts,6892503,68.92503,2.7711268315733775
25,2021-12-08,174,Massachusetts,6892503,68.92503,2.524482035045904
25,2021-12-09,175,Massachusetts,6892503,68.92503,2.5389905524886967
25,2021-12-10,164,Massachusetts,6892503,68.92503,2.3793968606179785
25,2021-12-11,179,Massachusetts,6892503,68.92503,2.5970246222598665
25,2021-12-12,153,Massachusetts,6892503,68.92503,2.2198031687472604
25,2021-12-13,187,Massachusetts,6892503,68.92503,2.713092761802207
25,2021-12-14,176,Massachusetts,6892503,68.92503,2.553499069931489
25,2021-12-15,175,Massachusetts,6892503,68.92503,2.5389905524886967
25,2021-12-16,184,Massachusetts,6892503,68.92503,2.6695672094738296
25,2021-12-17,194,Massachusetts,6892503,68.92503,2.814652383901755
25,2021-12-18,163,Massachusetts,6892503,68.92503,2.3648883431751857
25,2021-12-19,182,Massachusetts,6892503,68.92503,2.6405501745882445
25,2021-12-20,216,Massachusetts,6892503,68.92503,3.1338397676431913
25,2021-12-21,215,Massachusetts,6892503,68.92503,3.1193312502003985
25,2021-12-22,166,Massachusetts,6892503,68.92503,2.4084138955035637
25,2021-12-23,184,Massachusetts,6892503,68.92503,2.6695672094738296
25,2021-12-24,196,Massachusetts,6892503,68.92503,2.84366941878734
25,2021-12-25,160,Massachusetts,6892503,68.92503,2.321362790846808
25,2021-12-26,216,Massachusetts,6892503,68.92503,3.1338397676431913
25,2021-12-27,238,Massachusetts,6892503,68.92503,3.453027151384627
25,2021-12-28,297,Massachusetts,6892503,68.92503,4.309029680509388
25,2021-12-29,331,Massachusetts,6892503,68.92503,4.8023192735643345
25,2021-12-30,332,Massachusetts,6892503,68.92503,4.816827791007127
25,2021-12-31,313,Massachusetts,6892503,68.92503,4.5411659595940685
25,2022-01-01,319,Massachusetts,6892503,68.92503,4.628217064250824
25,2022-01-02,316,Massachusetts,6892503,68.92503,4.584691511922446
25,2022-01-03,339,Massachusetts,6892503,68.92503,4.918387413106675
25,2022-01-04,387,Massachusetts,6892503,68.92503,5.614796250360717
25,2022-01-05,404,Massachusetts,6892503,68.92503,5.861441046888191
25,2022-01-06,415,Massachusetts,6892503,68.92503,6.0210347387589085
25,2022-01-07,374,Massachusetts,6892503,68.92503,5.426185523604414
25,2022-01-08,373,Massachusetts,6892503,68.92503,5.4116770061616215
25,2022-01-09,400,Massachusetts,6892503,68.92503,5.803406977117021
25,2022-01-10,464,Massachusetts,6892503,68.92503,6.731952093455744
25,2022-01-11,453,Massachusetts,6892503,68.92503,6.572358401585026
25,2022-01-12,473,Massachusetts,6892503,68.92503,6.862528750440877
25,2022-01-13,495,Massachusetts,6892503,68.92503,7.181716134182313
25,2022-01-14,457,Massachusetts,6892503,68.92503,6.630392471356196
25,2022-01-15,385,Massachusetts,6892503,68.92503,5.5857792154751325
25,2022-01-16,331,Massachusetts,6892503,68.92503,4.8023192735643345
25,2022-01-17,363,Massachusetts,6892503,68.92503,5.266591831733696
25,2022-01-18,430,Massachusetts,6892503,68.92503,6.238662500400797
25,2022-01-19,375,Massachusetts,6892503,68.92503,5.440694041047207
25,2022-01-20,390,Massachusetts,6892503,68.92503,5.658321802689095
25,2022-01-21,353,Massachusetts,6892503,68.92503,5.121506657305771
25,2022-01-22,300,Massachusetts,6892503,68.92503,4.352555232837766
25,2022-01-23,262,Massachusetts,6892503,68.92503,3.8012315700116486
25,2022-01-24,332,Massachusetts,6892503,68.92503,4.816827791007127
25,2022-01-25,345,Massachusetts,6892503,68.92503,5.00543851776343
25,2022-01-26,311,Massachusetts,6892503,68.92503,4.512148924708484
25,2022-01-27,275,Massachusetts,6892503,68.92503,3.989842296767952
25,2022-01-28,245,Massachusetts,6892503,68.92503,3.554586773484175
25,2022-01-29,138,Massachusetts,6892503,68.92503,2.0021754071053723
25,2022-01-30,150,Massachusetts,6892503,68.92503,2.176277616418883
25,2022-01-31,198,Massachusetts,6892503,68.92503,2.8726864536729253
25,2022-02-01,233,Massachusetts,6892503,68.92503,3.3804845641706645
25,2022-02-02,194,Massachusetts,6892503,68.92503,2.814652383901755
25,2022-02-03,199,Massachusetts,6892503,68.92503,2.8871949711157177
25,2022-02-04,167,Massachusetts,6892503,68.92503,2.422922412946356
25,2022-02-05,139,Massachusetts,6892503,68.92503,2.0166839245481647
25,2022-02-06,112,Massachusetts,6892503,68.92503,1.6249539535927657
25,2022-02-07,131,Massachusetts,6892503,68.92503,1.9006157850058243
25,2022-02-08,158,Massachusetts,6892503,68.92503,2.292345755961223
25,2022-02-09,141,Massachusetts,6892503,68.92503,2.04570095943375
25,2022-02-10,134,Massachusetts,6892503,68.92503,1.944141337334202
25,2022-02-11,125,Massachusetts,6892503,68.92503,1.813564680349069
25,2022-02-12,118,Massachusetts,6892503,68.92503,1.712005058249521
25,2022-02-13,77,Massachusetts,6892503,68.92503,1.1171558430950266
25,2022-02-14,115,Massachusetts,6892503,68.92503,1.6684795059211435
25,2022-02-15,92,Massachusetts,6892503,68.92503,1.3347836047369148
25,2022-02-16,102,Massachusetts,6892503,68.92503,1.4798687791648402
25,2022-02-17,85,Massachusetts,6892503,68.92503,1.233223982637367
25,2022-02-18,76,Massachusetts,6892503,68.92503,1.102647325652234
25,2022-02-19,55,Massachusetts,6892503,68.92503,0.7979684593535903
25,2022-02-20,48,Massachusetts,6892503,68.92503,0.6964088372540425
25,2022-02-21,64,Massachusetts,6892503,68.92503,0.9285451163387233
25,2022-02-22,68,Massachusetts,6892503,68.92503,0.9865791861098935
25,2022-02-23,66,Massachusetts,6892503,68.92503,0.9575621512243084
25,2022-02-24,70,Massachusetts,6892503,68.92503,1.0155962209954785
25,2022-02-25,54,Massachusetts,6892503,68.92503,0.7834599419107978
25,2022-02-26,44,Massachusetts,6892503,68.92503,0.6383747674828723
25,2022-02-27,46,Massachusetts,6892503,68.92503,0.6673918023684574
25,2022-02-28,52,Massachusetts,6892503,68.92503,0.7544429070252127
25,2022-03-01,49,Massachusetts,6892503,68.92503,0.710917354696835
25,2022-03-02,52,Massachusetts,6892503,68.92503,0.7544429070252127
25,2022-03-03,39,Massachusetts,6892503,68.92503,0.5658321802689095
25,2022-03-04,37,Massachusetts,6892503,68.92503,0.5368151453833244
25,2022-03-05,36,Massachusetts,6892503,68.92503,0.5223066279405318
25,2022-03-06,25,Massachusetts,6892503,68.92503,0.3627129360698138
25,2022-03-07,40,Massachusetts,6892503,68.92503,0.580340697711702
25,2022-03-08,53,Massachusetts,6892503,68.92503,0.7689514244680052
25,2022-03-09,28,Massachusetts,6892503,68.92503,0.40623848839819143
25,2022-03-10,27,Massachusetts,6892503,68.92503,0.3917299709553989
25,2022-03-11,37,Massachusetts,6892503,68.92503,0.5368151453833244
25,2022-03-12,32,Massachusetts,6892503,68.92503,0.46427255816936164
25,2022-03-13,25,Massachusetts,6892503,68.92503,0.3627129360698138
25,2022-03-14,27,Massachusetts,6892503,68.92503,0.3917299709553989
25,2022-03-15,45,Massachusetts,6892503,68.92503,0.6528832849256648
25,2022-03-16,34,Massachusetts,6892503,68.92503,0.49328959305494674
25,2022-03-17,24,Massachusetts,6892503,68.92503,0.34820441862702123
25,2022-03-18,28,Massachusetts,6892503,68.92503,0.40623848839819143
25,2022-03-19,29,Massachusetts,6892503,68.92503,0.420747005840984
25,2022-03-20,39,Massachusetts,6892503,68.92503,0.5658321802689095
25,2022-03-21,27,Massachusetts,6892503,68.92503,0.3917299709553989
25,2022-03-22,38,Massachusetts,6892503,68.92503,0.551323662826117
25,2022-03-23,37,Massachusetts,6892503,68.92503,0.5368151453833244
25,2022-03-24,37,Massachusetts,6892503,68.92503,0.5368151453833244
25,2022-03-25,41,Massachusetts,6892503,68.92503,0.5948492151544946
25,2022-03-26,33,Massachusetts,6892503,68.92503,0.4787810756121542
25,2022-03-27,30,Massachusetts,6892503,68.92503,0.43525552328377654
25,2022-03-28,29,Massachusetts,6892503,68.92503,0.420747005840984
25,2022-03-29,40,Massachusetts,6892503,68.92503,0.580340697711702
25,2022-03-30,37,Massachusetts,6892503,68.92503,0.5368151453833244
25,2022-03-31,37,Massachusetts,6892503,68.92503,0.5368151453833244
25,2022-04-01,37,Massachusetts,6892503,68.92503,0.5368151453833244
25,2022-04-02,38,Massachusetts,6892503,68.92503,0.551323662826117
25,2022-04-03,35,Massachusetts,6892503,68.92503,0.5077981104977393
25,2022-04-04,32,Massachusetts,6892503,68.92503,0.46427255816936164
25,2022-04-05,41,Massachusetts,6892503,68.92503,0.5948492151544946
25,2022-04-06,46,Massachusetts,6892503,68.92503,0.6673918023684574
25,2022-04-07,48,Massachusetts,6892503,68.92503,0.6964088372540425
25,2022-04-08,40,Massachusetts,6892503,68.92503,0.580340697711702
25,2022-04-09,49,Massachusetts,6892503,68.92503,0.710917354696835
25,2022-04-10,39,Massachusetts,6892503,68.92503,0.5658321802689095
25,2022-04-11,69,Massachusetts,6892503,68.92503,1.0010877035526862
25,2022-04-12,66,Massachusetts,6892503,68.92503,0.9575621512243084
25,2022-04-13,73,Massachusetts,6892503,68.92503,1.0591217733238563
25,2022-04-14,51,Massachusetts,6892503,68.92503,0.7399343895824201
25,2022-04-15,52,Massachusetts,6892503,68.92503,0.7544429070252127
25,2022-04-16,54,Massachusetts,6892503,68.92503,0.7834599419107978
25,2022-04-17,48,Massachusetts,6892503,68.92503,0.6964088372540425
25,2022-04-18,83,Massachusetts,6892503,68.92503,1.2042069477517818
25,2022-04-19,78,Massachusetts,6892503,68.92503,1.131664360537819
25,2022-04-20,76,Massachusetts,6892503,68.92503,1.102647325652234
25,2022-04-21,86,Massachusetts,6892503,68.92503,1.2477325000801593
25,2022-04-22,75,Massachusetts,6892503,68.92503,1.0881388082094414
25,2022-04-23,68,Massachusetts,6892503,68.92503,0.9865791861098935
25,2022-04-24,73,Massachusetts,6892503,68.92503,1.0591217733238563
25,2022-04-25,77,Massachusetts,6892503,68.92503,1.1171558430950266
25,2022-04-26,109,Massachusetts,6892503,68.92503,1.5814284012643882
25,2022-04-27,98,Massachusetts,6892503,68.92503,1.42183470939367
25,2022-04-28,85,Massachusetts,6892503,68.92503,1.233223982637367
25,2022-04-29,116,Massachusetts,6892503,68.92503,1.682988023363936
25,2022-04-30,77,Massachusetts,6892503,68.92503,1.1171558430950266
25,2022-05-01,94,Massachusetts,6892503,68.92503,1.3638006396224998
25,2022-05-02,110,Massachusetts,6892503,68.92503,1.5959369187071806
25,2022-05-03,116,Massachusetts,6892503,68.92503,1.682988023363936
25,2022-05-04,111,Massachusetts,6892503,68.92503,1.6104454361499732
25,2022-05-05,128,Massachusetts,6892503,68.92503,1.8570902326774466
25,2022-05-06,122,Massachusetts,6892503,68.92503,1.7700391280206913
25,2022-05-07,114,Massachusetts,6892503,68.92503,1.653970988478351
25,2022-05-08,100,Massachusetts,6892503,68.92503,1.4508517442792552
25,2022-05-09,140,Massachusetts,6892503,68.92503,2.031192441990957
25,2022-05-10,142,Massachusetts,6892503,68.92503,2.060209476876542
25,2022-05-11,123,Massachusetts,6892503,68.92503,1.7845476454634839
25,2022-05-12,131,Massachusetts,6892503,68.92503,1.9006157850058243
25,2022-05-13,134,Massachusetts,6892503,68.92503,1.944141337334202
25,2022-05-14,117,Massachusetts,6892503,68.92503,1.6974965408067286
25,2022-05-15,123,Massachusetts,6892503,68.92503,1.7845476454634839
25,2022-05-16,144,Massachusetts,6892503,68.92503,2.0892265117621274
25,2022-05-17,152,Massachusetts,6892503,68.92503,2.205294651304468
25,2022-05-18,129,Massachusetts,6892503,68.92503,1.8715987501202391
25,2022-05-19,156,Massachusetts,6892503,68.92503,2.263328721075638
25,2022-05-20,139,Massachusetts,6892503,68.92503,2.0166839245481647
25,2022-05-21,129,Massachusetts,6892503,68.92503,1.8715987501202391
25,2022-05-22,128,Massachusetts,6892503,68.92503,1.8570902326774466
25,2022-05-23,140,Massachusetts,6892503,68.92503,2.031192441990957
25,2022-05-24,154,Massachusetts,6892503,68.92503,2.234311686190053
25,2022-05-25,135,Massachusetts,6892503,68.92503,1.9586498547769944
25,2022-05-26,122,Massachusetts,6892503,68.92503,1.7700391280206913
25,2022-05-27,99,Massachusetts,6892503,68.92503,1.4363432268364626
25,2022-05-28,100,Massachusetts,6892503,68.92503,1.4508517442792552
25,2022-05-29,97,Massachusetts,6892503,68.92503,1.4073261919508775
25,2022-05-30,108,Massachusetts,6892503,68.92503,1.5669198838215956
25,2022-05-31,122,Massachusetts,6892503,68.92503,1.7700391280206913
25,2022-06-01,127,Massachusetts,6892503,68.92503,1.842581715234654
25,2022-06-02,117,Massachusetts,6892503,68.92503,1.6974965408067286
25,2022-06-03,86,Massachusetts,6892503,68.92503,1.2477325000801593
25,2022-06-04,82,Massachusetts,6892503,68.92503,1.1896984303089893
25,2022-06-05,92,Massachusetts,6892503,68.92503,1.3347836047369148
25,2022-06-06,91,Massachusetts,6892503,68.92503,1.3202750872941222
25,2022-06-07,90,Massachusetts,6892503,68.92503,1.3057665698513297
25,2022-06-08,100,Massachusetts,6892503,68.92503,1.4508517442792552
25,2022-06-09,107,Massachusetts,6892503,68.92503,1.552411366378803
25,2022-06-10,97,Massachusetts,6892503,68.92503,1.4073261919508775
25,2022-06-11,73,Massachusetts,6892503,68.92503,1.0591217733238563
25,2022-06-12,81,Massachusetts,6892503,68.92503,1.1751899128661967
25,2022-06-13,95,Massachusetts,6892503,68.92503,1.3783091570652923
25,2022-06-14,95,Massachusetts,6892503,68.92503,1.3783091570652923
25,2022-06-15,78,Massachusetts,6892503,68.92503,1.131664360537819
25,2022-06-16,106,Massachusetts,6892503,68.92503,1.5379028489360105
25,2022-06-17,89,Massachusetts,6892503,68.92503,1.291258052408537
25,2022-06-18,66,Massachusetts,6892503,68.92503,0.9575621512243084
25,2022-06-19,62,Massachusetts,6892503,68.92503,0.8995280814531382
25,2022-06-20,82,Massachusetts,6892503,68.92503,1.1896984303089893
25,2022-06-21,93,Massachusetts,6892503,68.92503,1.3492921221797074
25,2022-06-22,100,Massachusetts,6892503,68.92503,1.4508517442792552
25,2022-06-23,91,Massachusetts,6892503,68.92503,1.3202750872941222
25,2022-06-24,83,Massachusetts,6892503,68.92503,1.2042069477517818
25,2022-06-25,83,Massachusetts,6892503,68.92503,1.2042069477517818
25,2022-06-26,93,Massachusetts,6892503,68.92503,1.3492921221797074
25,2022-06-27,83,Massachusetts,6892503,68.92503,1.2042069477517818
25,2022-06-28,90,Massachusetts,6892503,68.92503,1.3057665698513297
25,2022-06-29,81,Massachusetts,6892503,68.92503,1.1751899128661967
25,2022-06-30,90,Massachusetts,6892503,68.92503,1.3057665698513297
25,2022-07-01,76,Massachusetts,6892503,68.92503,1.102647325652234
25,2022-07-02,100,Massachusetts,6892503,68.92503,1.4508517442792552
25,2022-07-03,78,Massachusetts,6892503,68.92503,1.131664360537819
25,2022-07-04,85,Massachusetts,6892503,68.92503,1.233223982637367
25,2022-07-05,99,Massachusetts,6892503,68.92503,1.4363432268364626
25,2022-07-06,97,Massachusetts,6892503,68.92503,1.4073261919508775
25,2022-07-07,93,Massachusetts,6892503,68.92503,1.3492921221797074
25,2022-07-08,96,Massachusetts,6892503,68.92503,1.392817674508085
25,2022-07-09,94,Massachusetts,6892503,68.92503,1.3638006396224998
25,2022-07-10,89,Massachusetts,6892503,68.92503,1.291258052408537
25,2022-07-11,102,Massachusetts,6892503,68.92503,1.4798687791648402
25,2022-07-12,110,Massachusetts,6892503,68.92503,1.5959369187071806
25,2022-07-13,89,Massachusetts,6892503,68.92503,1.291258052408537
25,2022-07-14,130,Massachusetts,6892503,68.92503,1.8861072675630317
25,2022-07-15,105,Massachusetts,6892503,68.92503,1.523394331493218
25,2022-07-16,109,Massachusetts,6892503,68.92503,1.5814284012643882
25,2022-07-17,93,Massachusetts,6892503,68.92503,1.3492921221797074
25,2022-07-18,109,Massachusetts,6892503,68.92503,1.5814284012643882
25,2022-07-19,118,Massachusetts,6892503,68.92503,1.712005058249521
25,2022-07-20,102,Massachusetts,6892503,68.92503,1.4798687791648402
25,2022-07-21,122,Massachusetts,6892503,68.92503,1.7700391280206913
25,2022-07-22,116,Massachusetts,6892503,68.92503,1.682988023363936
25,2022-07-23,95,Massachusetts,6892503,68.92503,1.3783091570652923
25,2022-07-24,82,Massachusetts,6892503,68.92503,1.1896984303089893
25,2022-07-25,118,Massachusetts,6892503,68.92503,1.712005058249521
25,2022-07-26,96,Massachusetts,6892503,68.92503,1.392817674508085
25,2022-07-27,113,Massachusetts,6892503,68.92503,1.6394624710355583
25,2022-07-28,97,Massachusetts,6892503,68.92503,1.4073261919508775
25,2022-07-29,113,Massachusetts,6892503,68.92503,1.6394624710355583
25,2022-07-30,75,Massachusetts,6892503,68.92503,1.0881388082094414
25,2022-07-31,87,Massachusetts,6892503,68.92503,1.262241017522952
25,2022-08-01,96,Massachusetts,6892503,68.92503,1.392817674508085
25,2022-08-02,94,Massachusetts,6892503,68.92503,1.3638006396224998
25,2022-08-03,105,Massachusetts,6892503,68.92503,1.523394331493218
25,2022-08-04,98,Massachusetts,6892503,68.92503,1.42183470939367
25,2022-08-05,89,Massachusetts,6892503,68.92503,1.291258052408537
25,2022-08-06,94,Massachusetts,6892503,68.92503,1.3638006396224998
25,2022-08-07,83,Massachusetts,6892503,68.92503,1.2042069477517818
25,2022-08-08,91,Massachusetts,6892503,68.92503,1.3202750872941222
25,2022-08-09,102,Massachusetts,6892503,68.92503,1.4798687791648402
25,2022-08-10,108,Massachusetts,6892503,68.92503,1.5669198838215956
25,2022-08-11,97,Massachusetts,6892503,68.92503,1.4073261919508775
25,2022-08-12,91,Massachusetts,6892503,68.92503,1.3202750872941222
25,2022-08-13,80,Massachusetts,6892503,68.92503,1.160681395423404
25,2022-08-14,88,Massachusetts,6892503,68.92503,1.2767495349657445
25,2022-08-15,108,Massachusetts,6892503,68.92503,1.5669198838215956
25,2022-08-16,92,Massachusetts,6892503,68.92503,1.3347836047369148
25,2022-08-17,96,Massachusetts,6892503,68.92503,1.392817674508085
25,2022-08-18,101,Massachusetts,6892503,68.92503,1.4653602617220478
25,2022-08-19,84,Massachusetts,6892503,68.92503,1.2187154651945744
25,2022-08-20,93,Massachusetts,6892503,68.92503,1.3492921221797074
25,2022-08-21,84,Massachusetts,6892503,68.92503,1.2187154651945744
25,2022-08-22,88,Massachusetts,6892503,68.92503,1.2767495349657445
25,2022-08-23,105,Massachusetts,6892503,68.92503,1.523394331493218
25,2022-08-24,97,Massachusetts,6892503,68.92503,1.4073261919508775
25,2022-08-25,125,Massachusetts,6892503,68.92503,1.813564680349069
25,2022-08-26,122,Massachusetts,6892503,68.92503,1.7700391280206913
25,2022-08-27,79,Massachusetts,6892503,68.92503,1.1461728779806115
25,2022-08-28,105,Massachusetts,6892503,68.92503,1.523394331493218
25,2022-08-29,108,Massachusetts,6892503,68.92503,1.5669198838215956
25,2022-08-30,108,Massachusetts,6892503,68.92503,1.5669198838215956
25,2022-08-31,98,Massachusetts,6892503,68.92503,1.42183470939367
25,2022-09-01,74,Massachusetts,6892503,68.92503,1.0736302907666488
25,2022-09-02,93,Massachusetts,6892503,68.92503,1.3492921221797074
25,2022-09-03,67,Massachusetts,6892503,68.92503,0.972070668667101
25,2022-09-04,80,Massachusetts,6892503,68.92503,1.160681395423404
25,2022-09-05,84,Massachusetts,6892503,68.92503,1.2187154651945744
25,2022-09-06,108,Massachusetts,6892503,68.92503,1.5669198838215956
25,2022-09-07,95,Massachusetts,6892503,68.92503,1.3783091570652923
25,2022-09-08,98,Massachusetts,6892503,68.92503,1.42183470939367
25,2022-09-09,112,Massachusetts,6892503,68.92503,1.6249539535927657
25,2022-09-10,85,Massachusetts,6892503,68.92503,1.233223982637367
25,2022-09-11,92,Massachusetts,6892503,68.92503,1.3347836047369148
25,2022-09-12,107,Massachusetts,6892503,68.92503,1.552411366378803
25,2022-09-13,105,Massachusetts,6892503,68.92503,1.523394331493218
25,2022-09-14,115,Massachusetts,6892503,68.92503,1.6684795059211435
25,2022-09-15,122,Massachusetts,6892503,68.92503,1.7700391280206913
25,2022-09-16,117,Massachusetts,6892503,68.92503,1.6974965408067286
25,2022-09-17,85,Massachusetts,6892503,68.92503,1.233223982637367
25,2022-09-18,85,Massachusetts,6892503,68.92503,1.233223982637367
25,2022-09-19,121,Massachusetts,6892503,68.92503,1.7555306105778987
25,2022-09-20,128,Massachusetts,6892503,68.92503,1.8570902326774466
25,2022-09-21,145,Massachusetts,6892503,68.92503,2.10373502920492
25,2022-09-22,117,Massachusetts,6892503,68.92503,1.6974965408067286
25,2022-09-23,123,Massachusetts,6892503,68.92503,1.7845476454634839
25,2022-09-24,96,Massachusetts,6892503,68.92503,1.392817674508085
25,2022-09-25,103,Massachusetts,6892503,68.92503,1.4943772966076327
25,2022-09-26,128,Massachusetts,6892503,68.92503,1.8570902326774466
25,2022-09-27,125,Massachusetts,6892503,68.92503,1.813564680349069
25,2022-09-28,145,Massachusetts,6892503,68.92503,2.10373502920492
25,2022-09-29,123,Massachusetts,6892503,68.92503,1.7845476454634839
25,2022-09-30,115,Massachusetts,6892503,68.92503,1.6684795059211435
25,2022-10-01,128,Massachusetts,6892503,68.92503,1.8570902326774466
25,2022-10-02,112,Massachusetts,6892503,68.92503,1.6249539535927657
25,2022-10-03,130,Massachusetts,6892503,68.92503,1.8861072675630317
25,2022-10-04,126,Massachusetts,6892503,68.92503,1.8280731977918614
25,2022-10-05,152,Massachusetts,6892503,68.92503,2.205294651304468
25,2022-10-06,119,Massachusetts,6892503,68.92503,1.7265135756923136
25,2022-10-07,142,Massachusetts,6892503,68.92503,2.060209476876542
25,2022-10-08,107,Massachusetts,6892503,68.92503,1.552411366378803
25,2022-10-09,112,Massachusetts,6892503,68.92503,1.6249539535927657
25,2022-10-10,141,Massachusetts,6892503,68.92503,2.04570095943375
25,2022-10-11,120,Massachusetts,6892503,68.92503,1.7410220931351061
25,2022-10-12,123,Massachusetts,6892503,68.92503,1.7845476454634839
25,2022-10-13,155,Massachusetts,6892503,68.92503,2.2488202036328455
25,2022-10-14,131,Massachusetts,6892503,68.92503,1.9006157850058243
25,2022-10-15,124,Massachusetts,6892503,68.92503,1.7990561629062765
25,2022-10-16,123,Massachusetts,6892503,68.92503,1.7845476454634839
25,2022-10-17,148,Massachusetts,6892503,68.92503,2.1472605815332977
25,2022-10-18,146,Massachusetts,6892503,68.92503,2.1182435466477125
25,2022-10-19,132,Massachusetts,6892503,68.92503,1.9151243024486169
25,2022-10-20,130,Massachusetts,6892503,68.92503,1.8861072675630317
25,2022-10-21,111,Massachusetts,6892503,68.92503,1.6104454361499732
25,2022-10-22,97,Massachusetts,6892503,68.92503,1.4073261919508775
25,2022-10-23,88,Massachusetts,6892503,68.92503,1.2767495349657445
25,2022-10-24,121,Massachusetts,6892503,68.92503,1.7555306105778987
25,2022-10-25,146,Massachusetts,6892503,68.92503,2.1182435466477125
25,2022-10-26,107,Massachusetts,6892503,68.92503,1.552411366378803
25,2022-10-27,106,Massachusetts,6892503,68.92503,1.5379028489360105
25,2022-10-28,113,Massachusetts,6892503,68.92503,1.6394624710355583
25,2022-10-29,67,Massachusetts,6892503,68.92503,0.972070668667101
25,2022-10-30,79,Massachusetts,6892503,68.92503,1.1461728779806115
25,2022-10-31,106,Massachusetts,6892503,68.92503,1.5379028489360105
25,2022-11-01,110,Massachusetts,6892503,68.92503,1.5959369187071806
25,2022-11-02,122,Massachusetts,6892503,68.92503,1.7700391280206913
25,2022-11-03,103,Massachusetts,6892503,68.92503,1.4943772966076327
25,2022-11-04,89,Massachusetts,6892503,68.92503,1.291258052408537
25,2022-11-05,80,Massachusetts,6892503,68.92503,1.160681395423404
25,2022-11-06,85,Massachusetts,6892503,68.92503,1.233223982637367
25,2022-11-07,99,Massachusetts,6892503,68.92503,1.4363432268364626
25,2022-11-08,85,Massachusetts,6892503,68.92503,1.233223982637367
25,2022-11-09,84,Massachusetts,6892503,68.92503,1.2187154651945744
25,2022-11-10,86,Massachusetts,6892503,68.92503,1.2477325000801593
25,2022-11-11,90,Massachusetts,6892503,68.92503,1.3057665698513297
25,2022-11-12,81,Massachusetts,6892503,68.92503,1.1751899128661967
25,2022-11-13,74,Massachusetts,6892503,68.92503,1.0736302907666488
25,2022-11-14,106,Massachusetts,6892503,68.92503,1.5379028489360105
25,2022-11-15,106,Massachusetts,6892503,68.92503,1.5379028489360105
25,2022-11-16,77,Massachusetts,6892503,68.92503,1.1171558430950266
25,2022-11-17,87,Massachusetts,6892503,68.92503,1.262241017522952
25,2022-11-18,86,Massachusetts,6892503,68.92503,1.2477325000801593
25,2022-11-19,78,Massachusetts,6892503,68.92503,1.131664360537819
25,2022-11-20,110,Massachusetts,6892503,68.92503,1.5959369187071806
25,2022-11-21,89,Massachusetts,6892503,68.92503,1.291258052408537
25,2022-11-22,102,Massachusetts,6892503,68.92503,1.4798687791648402
25,2022-11-23,103,Massachusetts,6892503,68.92503,1.4943772966076327
25,2022-11-24,83,Massachusetts,6892503,68.92503,1.2042069477517818
25,2022-11-25,96,Massachusetts,6892503,68.92503,1.392817674508085
25,2022-11-26,89,Massachusetts,6892503,68.92503,1.291258052408537
25,2022-11-27,121,Massachusetts,6892503,68.92503,1.7555306105778987
25,2022-11-28,121,Massachusetts,6892503,68.92503,1.7555306105778987
25,2022-11-29,111,Massachusetts,6892503,68.92503,1.6104454361499732
25,2022-11-30,101,Massachusetts,6892503,68.92503,1.4653602617220478
25,2022-12-01,111,Massachusetts,6892503,68.92503,1.6104454361499732
25,2022-12-02,113,Massachusetts,6892503,68.92503,1.6394624710355583
25,2022-12-03,108,Massachusetts,6892503,68.92503,1.5669198838215956
25,2022-12-04,99,Massachusetts,6892503,68.92503,1.4363432268364626
25,2022-12-05,132,Massachusetts,6892503,68.92503,1.9151243024486169
25,2022-12-06,124,Massachusetts,6892503,68.92503,1.7990561629062765
25,2022-12-07,146,Massachusetts,6892503,68.92503,2.1182435466477125
25,2022-12-08,121,Massachusetts,6892503,68.92503,1.7555306105778987
25,2022-12-09,137,Massachusetts,6892503,68.92503,1.9876668896625795
25,2022-12-10,93,Massachusetts,6892503,68.92503,1.3492921221797074
25,2022-12-11,122,Massachusetts,6892503,68.92503,1.7700391280206913
25,2022-12-12,139,Massachusetts,6892503,68.92503,2.0166839245481647
25,2022-12-13,165,Massachusetts,6892503,68.92503,2.393905378060771
25,2022-12-14,138,Massachusetts,6892503,68.92503,2.0021754071053723
25,2022-12-15,149,Massachusetts,6892503,68.92503,2.16176909897609
25,2022-12-16,153,Massachusetts,6892503,68.92503,2.2198031687472604
25,2022-12-17,125,Massachusetts,6892503,68.92503,1.813564680349069
25,2022-12-18,134,Massachusetts,6892503,68.92503,1.944141337334202
25,2022-12-19,154,Massachusetts,6892503,68.92503,2.234311686190053
25,2022-12-20,163,Massachusetts,6892503,68.92503,2.3648883431751857
25,2022-12-21,174,Massachusetts,6892503,68.92503,2.524482035045904
25,2022-12-22,159,Massachusetts,6892503,68.92503,2.306854273404016
25,2022-12-23,175,Massachusetts,6892503,68.92503,2.5389905524886967
25,2022-12-24,149,Massachusetts,6892503,68.92503,2.16176909897609
25,2022-12-25,154,Massachusetts,6892503,68.92503,2.234311686190053
25,2022-12-26,217,Massachusetts,6892503,68.92503,3.1483482850859836
25,2022-12-27,213,Massachusetts,6892503,68.92503,3.0903142153148133
25,2022-12-28,226,Massachusetts,6892503,68.92503,3.2789249420711166
25,2022-12-29,227,Massachusetts,6892503,68.92503,3.2934334595139094
25,2022-12-30,203,Massachusetts,6892503,68.92503,2.945229040886888
25,2022-12-31,217,Massachusetts,6892503,68.92503,3.1483482850859836
25,2023-01-01,183,Massachusetts,6892503,68.92503,2.655058692031037
25,2023-01-02,220,Massachusetts,6892503,68.92503,3.191873837414361
25,2023-01-03,207,Massachusetts,6892503,68.92503,3.0032631106580583
25,2023-01-04,214,Massachusetts,6892503,68.92503,3.104822732757606
25,2023-01-05,190,Massachusetts,6892503,68.92503,2.7566183141305847
25,2023-01-06,197,Massachusetts,6892503,68.92503,2.8581779362301325
25,2023-01-07,178,Massachusetts,6892503,68.92503,2.582516104817074
25,2023-01-08,166,Massachusetts,6892503,68.92503,2.4084138955035637
25,2023-01-09,187,Massachusetts,6892503,68.92503,2.713092761802207
25,2023-01-10,193,Massachusetts,6892503,68.92503,2.8001438664589626
25,2023-01-11,171,Massachusetts,6892503,68.92503,2.4809564827175263
25,2023-01-12,184,Massachusetts,6892503,68.92503,2.6695672094738296
25,2023-01-13,184,Massachusetts,6892503,68.92503,2.6695672094738296
25,2023-01-14,183,Massachusetts,6892503,68.92503,2.655058692031037
25,2023-01-15,143,Massachusetts,6892503,68.92503,2.074717994319335
25,2023-01-16,131,Massachusetts,6892503,68.92503,1.9006157850058243
25,2023-01-17,157,Massachusetts,6892503,68.92503,2.2778372385184307
25,2023-01-18,173,Massachusetts,6892503,68.92503,2.5099735176031115
25,2023-01-19,131,Massachusetts,6892503,68.92503,1.9006157850058243
25,2023-01-20,132,Massachusetts,6892503,68.92503,1.9151243024486169
25,2023-01-21,113,Massachusetts,6892503,68.92503,1.6394624710355583
25,2023-01-22,125,Massachusetts,6892503,68.92503,1.813564680349069
25,2023-01-23,137,Massachusetts,6892503,68.92503,1.9876668896625795
25,2023-01-24,117,Massachusetts,6892503,68.92503,1.6974965408067286
25,2023-01-25,110,Massachusetts,6892503,68.92503,1.5959369187071806
25,2023-01-26,130,Massachusetts,6892503,68.92503,1.8861072675630317
25,2023-01-27,118,Massachusetts,6892503,68.92503,1.712005058249521
25,2023-01-28,120,Massachusetts,6892503,68.92503,1.7410220931351061
25,2023-01-29,109,Massachusetts,6892503,68.92503,1.5814284012643882
25,2023-01-30,129,Massachusetts,6892503,68.92503,1.8715987501202391
25,2023-01-31,122,Massachusetts,6892503,68.92503,1.7700391280206913
25,2023-02-01,105,Massachusetts,6892503,68.92503,1.523394331493218
25,2023-02-02,108,Massachusetts,6892503,68.92503,1.5669198838215956
25,2023-02-03,115,Massachusetts,6892503,68.92503,1.6684795059211435
25,2023-02-04,83,Massachusetts,6892503,68.92503,1.2042069477517818
25,2023-02-05,118,Massachusetts,6892503,68.92503,1.712005058249521
25,2023-02-06,120,Massachusetts,6892503,68.92503,1.7410220931351061
25,2023-02-07,126,Massachusetts,6892503,68.92503,1.8280731977918614
25,2023-02-08,108,Massachusetts,6892503,68.92503,1.5669198838215956
25,2023-02-09,112,Massachusetts,6892503,68.92503,1.6249539535927657
25,2023-02-10,112,Massachusetts,6892503,68.92503,1.6249539535927657
